<?xml version="1.0" encoding="UTF-8" standalone="yes"?>
<addon id="plugin.video.SlowMotionWizard" name="SlowMotion Wizard" version="1.0.0" provider-name="@MrSlowMotion">
  <requires>
    <import addon="xbmc.python" version="2.1.0"/>
  </requires>
  <extension point="xbmc.python.pluginsource" library="default.py">
        <provides>video executable</provides>
  </extension>
  <extension point="xbmc.addon.metadata">
    <summary lang="en">SlowMotion Kodi Wizard</summary>
    <description lang="en">Test Run for Kodi Build</description>
	<website>nah bruh lol</website>
    <platform>all</platform>
  </extension>
</addon>
